"Date","Price","Open","High","Low","Vol.","Change %"
"12/29/2023","0.30","0.30","0.35","0.30","186.47K","0.00%"
"12/28/2023","0.30","0.27","0.35","0.11","127.29K","0.00%"
"12/27/2023","0.30","0.30","0.30","0.11","216.03K","0.00%"
"12/26/2023","0.30","0.11","0.31","0.11","218.63K","0.00%"
"12/22/2023","0.30","0.30","0.30","0.11","100.01K","0.00%"
"12/21/2023","0.30","0.27","0.30","0.11","49.51K","0.00%"
"12/20/2023","0.30","0.30","0.30","0.30","108.21K","0.00%"
"12/19/2023","0.30","0.30","0.30","0.30","94.88K","0.00%"
"12/18/2023","0.30","0.30","0.30","0.28","453.83K","0.00%"
"12/15/2023","0.30","0.30","0.30","0.30","113.67K","0.00%"
"12/14/2023","0.30","0.28","0.32","0.27","326.01K","7.14%"
"12/13/2023","0.28","0.27","0.30","0.27","74.33K","0.00%"
"12/12/2023","0.28","0.27","0.28","0.27","53.37K","0.00%"
"12/11/2023","0.28","0.24","0.28","0.24","261.76K","12.00%"
"12/08/2023","0.25","0.24","0.25","0.24","108.44K","4.17%"
"12/07/2023","0.24","0.24","0.25","0.24","113.70K","-4.00%"
"12/06/2023","0.25","0.22","0.25","0.22","66.80K","8.70%"
"12/05/2023","0.23","0.18","0.23","0.18","75.75K","9.52%"
"12/04/2023","0.21","0.18","0.22","0.18","39.63K","-8.70%"
"12/01/2023","0.23","0.18","0.24","0.18","99.01K","-8.00%"
"11/30/2023","0.25","0.20","0.25","0.20","132.79K","-3.85%"
"11/29/2023","0.26","0.18","0.26","0.18","28.26K","4.00%"
"11/28/2023","0.25","0.26","0.29","0.11","127.61K","-10.71%"
"11/27/2023","0.28","0.11","0.30","0.11","29.61K","-6.67%"
"11/24/2023","0.30","0.29","0.30","0.18","80.16K","0.00%"
"11/22/2023","0.30","0.29","0.30","0.29","39.78K","0.00%"
"11/21/2023","0.30","0.30","0.32","0.30","157.36K","0.00%"
"11/20/2023","0.30","0.28","0.35","0.28","189.70K","0.00%"
"11/17/2023","0.30","0.28","0.38","0.28","82.74K","4.21%"
"11/16/2023","0.29","0.28","0.38","0.27","70.48K","0.00%"
"11/15/2023","0.29","0.30","0.39","0.27","28.60K","7.41%"
"11/14/2023","0.27","0.27","0.39","0.27","26.84K","-15.62%"
"11/13/2023","0.32","0.25","0.40","0.18","28.55K","14.24%"
"11/10/2023","0.28","0.27","0.40","0.27","32.20K","3.74%"
"11/09/2023","0.27","0.27","0.40","0.27","48.01K","-28.95%"
"11/08/2023","0.38","0.25","0.40","0.25","28.69K","18.75%"
"11/07/2023","0.32","0.24","0.39","0.24","17.93K","-20.00%"
"11/06/2023","0.40","0.18","0.40","0.18","49.62K","66.67%"
"11/03/2023","0.24","0.24","0.30","0.24","65.88K","0.00%"
"11/02/2023","0.24","0.23","0.29","0.23","14.91K","0.00%"
"11/01/2023","0.24","0.11","0.29","0.11","33.68K","0.00%"
"10/31/2023","0.24","0.28","0.29","0.24","32.54K","-17.24%"
"10/30/2023","0.29","0.25","0.29","0.25","17.76K","0.00%"
"10/27/2023","0.29","0.25","0.29","0.25","13.20K","2.65%"
"10/26/2023","0.28","0.18","0.29","0.18","131.89K","28.41%"
"10/25/2023","0.22","0.17","0.24","0.17","66.52K","-8.33%"
"10/24/2023","0.24","0.22","0.24","0.15","65.35K","13.74%"
"10/23/2023","0.21","0.15","0.24","0.15","28.11K","5.50%"
"10/20/2023","0.20","0.19","0.23","0.19","77.29K","5.26%"
"10/19/2023","0.19","0.18","0.24","0.17","170.49K","-5.00%"
"10/18/2023","0.20","0.15","0.23","0.15","41.91K","-4.76%"
"10/17/2023","0.21","0.13","0.21","0.13","77.08K","39.91%"
"10/16/2023","0.15","0.12","0.15","0.11","109.79K","30.52%"
"10/13/2023","0.12","0.11","0.16","0.11","144.73K","4.55%"
"10/12/2023","0.11","0.11","0.16","0.10","23.08K","-21.43%"
"10/11/2023","0.14","0.11","0.16","0.11","26.63K","27.27%"
"10/10/2023","0.11","0.11","0.16","0.11","69.75K","0.00%"
"10/09/2023","0.11","0.11","0.19","0.11","19.78K","-26.67%"
"10/06/2023","0.15","0.10","0.15","0.10","39.73K","50.00%"
"10/05/2023","0.10","0.11","0.15","0.10","24.89K","-33.33%"
"10/04/2023","0.15","0.12","0.17","0.11","27.80K","36.12%"
"10/03/2023","0.11","0.13","0.13","0.10","8.22K","-15.23%"
"10/02/2023","0.13","0.24","0.24","0.10","21.82K","-13.33%"
"09/29/2023","0.15","0.10","0.21","0.10","56.43K","30.43%"
"09/28/2023","0.12","0.11","0.15","0.11","18.41K","-37.84%"
"09/27/2023","0.19","0.12","0.24","0.12","239.86K","23.33%"
"09/26/2023","0.15","0.12","0.19","0.12","11.38K","-21.05%"
"09/25/2023","0.19","0.11","0.19","0.11","40.23K","-5.00%"
"09/22/2023","0.20","0.11","0.20","0.11","25.55K","0.00%"
"09/21/2023","0.20","0.11","0.20","0.11","22.93K","33.33%"
"09/20/2023","0.15","0.11","0.22","0.10","16.07K","36.36%"
"09/19/2023","0.11","0.10","0.20","0.10","20.04K","-45.00%"
"09/18/2023","0.20","0.07","0.20","0.07","10.82K","-4.76%"
"09/15/2023","0.21","0.07","0.22","0.07","44.49K","5.00%"
"09/14/2023","0.20","0.14","0.20","0.07","65.74K","5.26%"
"09/13/2023","0.19","0.14","0.20","0.14","24.64K","31.03%"
"09/12/2023","0.14","0.12","0.21","0.12","34.00K","-3.33%"
"09/11/2023","0.15","0.12","0.22","0.12","20.23K","0.00%"
"09/08/2023","0.15","0.11","0.22","0.11","47.57K","-16.67%"
"09/07/2023","0.18","0.12","0.18","0.12","87.29K","0.00%"
"09/06/2023","0.18","0.12","0.20","0.12","77.24K","-5.41%"
"09/05/2023","0.19","0.22","0.22","0.13","24.79K","26.87%"
"09/01/2023","0.15","0.12","0.20","0.09","32.48K","50.00%"
"08/31/2023","0.10","0.13","0.18","0.06","25.84K","-44.44%"
"08/30/2023","0.18","0.12","0.18","0.12","50.18K","-21.74%"
"08/29/2023","0.23","0.13","0.25","0.13","9.37K","76.92%"
"08/28/2023","0.13","0.11","0.23","0.11","46.95K","-18.75%"
"08/25/2023","0.16","0.20","0.25","0.10","165.57K","-20.00%"
"08/24/2023","0.20","0.12","0.20","0.12","50.60K","66.53%"
"08/23/2023","0.12","0.12","0.20","0.10","67.43K","0.00%"
"08/22/2023","0.12","0.10","0.24","0.10","41.04K","-33.33%"
"08/21/2023","0.18","0.16","0.24","0.10","46.07K","12.50%"
"08/18/2023","0.16","0.15","0.28","0.10","18.53K","-20.00%"
"08/17/2023","0.20","0.14","0.20","0.14","27.07K","-4.76%"
"08/16/2023","0.21","0.22","0.30","0.13","111.86K","-30.00%"
"08/15/2023","0.30","0.25","0.30","0.22","17.89K","35.07%"
"08/14/2023","0.22","0.23","0.40","0.22","7.36K","-7.46%"
"08/11/2023","0.24","0.23","0.30","0.23","26.80K","-14.29%"
"08/10/2023","0.28","0.27","0.45","0.23","34.52K","-6.67%"
"08/09/2023","0.30","0.23","0.50","0.23","11.26K","-9.09%"
"08/08/2023","0.33","0.45","0.45","0.33","4.81K","6.45%"
"08/07/2023","0.31","0.25","0.50","0.25","65.19K","19.23%"
"08/04/2023","0.26","0.30","0.51","0.25","60.28K","-18.75%"
"08/03/2023","0.32","0.51","0.51","0.32","27.39K","-28.89%"
"08/02/2023","0.45","0.42","0.50","0.30","12.13K","0.00%"
"08/01/2023","0.44","0.35","0.51","0.35","50.67K","17.11%"
"07/31/2023","0.38","0.33","0.58","0.33","17.37K","-26.92%"
"07/28/2023","0.52","0.30","0.54","0.30","118.98K","4.00%"
"07/27/2023","0.50","0.48","0.55","0.43","68.86K","2.04%"
"07/26/2023","0.49","0.52","0.58","0.45","122.49K","8.89%"
"07/25/2023","0.45","0.52","0.52","0.41","44.33K","-10.00%"
"07/24/2023","0.50","0.30","0.50","0.30","29.85K","-7.41%"
"07/21/2023","0.54","0.46","0.54","0.45","61.99K","8.00%"
"07/20/2023","0.50","0.45","0.55","0.40","159.96K","0.00%"
"07/19/2023","0.50","0.55","0.55","0.45","91.48K","8.70%"
"07/18/2023","0.46","0.33","0.54","0.33","100.06K","-8.20%"
"07/17/2023","0.50","0.31","0.52","0.31","33.55K","-1.75%"
"07/14/2023","0.51","0.22","0.55","0.20","56.01K","-5.56%"
"07/13/2023","0.54","0.41","0.55","0.41","98.01K","8.00%"
"07/12/2023","0.50","0.45","0.57","0.45","122.94K","12.18%"
"07/11/2023","0.45","0.17","0.58","0.17","19.28K","-15.91%"
"07/10/2023","0.53","0.58","0.58","0.40","23.14K","6.00%"
"07/07/2023","0.50","0.30","0.55","0.29","42.78K","-9.09%"
"07/06/2023","0.55","0.35","0.60","0.35","52.09K","-8.33%"
"07/05/2023","0.60","0.40","0.65","0.40","32.37K","-7.69%"
"07/03/2023","0.65","0.45","0.65","0.40","21.87K","-7.14%"
"06/30/2023","0.70","0.38","0.75","0.38","35.37K","18.64%"
"06/29/2023","0.59","0.30","0.59","0.30","107.02K","9.26%"
"06/28/2023","0.54","0.30","0.55","0.30","169.68K","10.20%"
"06/27/2023","0.49","0.17","0.54","0.17","264.78K","-8.92%"
"06/26/2023","0.54","0.36","0.55","0.31","84.07K","41.58%"
"06/23/2023","0.38","0.60","0.65","0.25","99.91K","-39.97%"
"06/22/2023","0.63","0.80","0.80","0.62","23.27K","-20.87%"
"06/21/2023","0.80","0.80","0.95","0.80","223.71K","-5.88%"
"06/20/2023","0.85","0.80","1.00","0.80","64.08K","2.41%"
"06/16/2023","0.83","1.10","1.10","0.81","194.03K","-27.83%"
"06/15/2023","1.15","1.10","1.22","1.05","57.84K","-2.54%"
"06/14/2023","1.18","1.12","1.22","1.10","479.69K","6.31%"
"06/13/2023","1.11","1.02","1.23","1.02","350.52K","8.82%"
"06/12/2023","1.02","0.98","1.06","0.75","243.71K","-0.97%"
"06/09/2023","1.03","1.02","1.05","0.98","249.92K","0.00%"
"06/08/2023","1.03","0.95","1.03","0.94","518.92K","14.44%"
"06/07/2023","0.90","0.97","1.02","0.90","272.19K","-7.22%"
"06/06/2023","0.97","0.92","1.03","0.89","213.99K","0.00%"
"06/05/2023","0.97","0.75","0.97","0.57","198.25K","11.49%"
"06/02/2023","0.87","0.75","1.00","0.65","267.75K","-6.45%"
"06/01/2023","0.93","0.71","1.04","0.71","149.04K","1.09%"
"05/31/2023","0.92","0.92","1.02","0.21","409.05K","0.00%"
"05/30/2023","0.92","0.65","1.05","0.20","111.19K","-3.16%"
"05/26/2023","0.95","0.65","1.00","0.65","656.32K","-5.00%"
"05/25/2023","1.00","0.94","1.00","0.89","579.51K","11.11%"
"05/24/2023","0.90","0.90","1.08","0.90","288.67K","0.00%"
"05/23/2023","0.90","1.00","1.10","0.82","757.11K","-18.18%"
"05/22/2023","1.10","1.14","1.19","0.90","922.04K","-8.33%"
"05/19/2023","1.20","0.90","1.25","0.80","423.23K","4.35%"
"05/18/2023","1.15","0.80","1.28","0.80","643.36K","2.68%"
"05/17/2023","1.12","0.65","1.19","0.50","1.04M","72.31%"
"05/16/2023","0.65","0.45","0.85","0.40","1.03M","3.17%"
"05/15/2023","0.63","0.74","0.75","0.46","880.32K","-30.39%"
"05/12/2023","0.90","0.80","1.12","0.02","10.33M","-27.60%"
"05/10/2023","1.25","1.30","1.32","1.25","1.17M","0.81%"
"05/09/2023","1.24","1.26","1.28","1.23","766.26K","-1.59%"
"05/08/2023","1.26","1.35","1.37","1.26","1.52M","-5.97%"
"05/05/2023","1.34","1.28","1.67","1.23","11.52M","10.74%"
"05/04/2023","1.21","1.12","1.29","1.10","2.00M","7.08%"
"05/03/2023","1.13","1.14","1.17","1.12","1.18M","-5.04%"
"05/02/2023","1.19","1.27","1.27","1.11","1.68M","-8.46%"
"05/01/2023","1.30","1.34","1.35","1.29","1.31M","-3.70%"
"04/28/2023","1.35","1.30","1.39","1.27","4.20M","1.50%"
"04/27/2023","1.33","1.31","1.38","1.28","1.41M","4.72%"
"04/26/2023","1.27","1.37","1.38","1.23","2.33M","-3.79%"
"04/25/2023","1.32","1.36","1.40","1.32","1.37M","-4.35%"
"04/24/2023","1.38","1.56","1.56","1.35","3.17M","-9.21%"
"04/21/2023","1.52","1.57","1.62","1.49","2.03M","-5.59%"
"04/20/2023","1.61","1.55","1.63","1.50","2.34M","-0.62%"
"04/19/2023","1.62","1.50","1.65","1.49","4.06M","5.88%"
"04/18/2023","1.53","1.57","1.59","1.50","1.69M","-2.55%"
"04/17/2023","1.57","1.55","1.63","1.54","2.58M","3.29%"
"04/14/2023","1.52","1.60","1.63","1.51","2.09M","-4.40%"
"04/13/2023","1.59","1.59","1.68","1.53","3.24M","2.58%"
"04/12/2023","1.55","1.64","1.68","1.46","4.60M","-0.64%"
"04/11/2023","1.56","1.42","1.90","1.42","22.81M","12.23%"
"04/10/2023","1.39","1.40","1.43","1.35","1.98M","-2.80%"
"04/06/2023","1.43","1.47","1.50","1.39","3.04M","-2.72%"
"04/05/2023","1.47","1.54","1.55","1.43","2.89M","-6.96%"
"04/04/2023","1.58","1.60","1.66","1.47","2.55M","-2.47%"
"04/03/2023","1.62","1.59","1.64","1.45","4.69M","0.00%"
"03/31/2023","1.62","1.56","1.69","1.50","7.58M","0.00%"
"03/30/2023","1.62","1.88","1.94","1.60","10.93M","-11.96%"
"03/29/2023","1.84","2.10","2.24","1.82","20.72M","-11.54%"
"03/28/2023","2.08","2.04","2.30","1.93","37.75M","5.58%"
"03/27/2023","1.97","1.94","2.45","1.76","125.95M","14.53%"
"03/24/2023","1.72","1.12","2.17","1.10","141.49M","52.21%"
"03/23/2023","1.13","1.27","1.32","1.12","5.32M","-14.39%"
"03/22/2023","1.32","1.45","1.46","1.30","5.76M","-10.20%"
"03/21/2023","1.47","1.64","1.78","1.30","12.87M","-12.50%"
"03/20/2023","1.68","2.12","2.16","1.60","9.83M","-18.05%"
"03/17/2023","2.05","2.22","2.27","2.04","8.33M","-3.30%"
"03/16/2023","2.12","2.30","2.59","2.09","12.12M","-8.23%"
"03/15/2023","2.31","2.13","2.49","2.11","10.32M","4.52%"
"03/14/2023","2.21","2.65","2.87","2.15","22.68M","-7.14%"
"03/13/2023","2.38","2.25","3.57","1.69","36.38M","-5.56%"
"03/10/2023","2.52","3.34","3.43","2.30","42.63M","-11.27%"
"03/09/2023","2.84","3.23","4.19","2.81","71.32M","-42.16%"
"03/08/2023","4.91","5.15","5.26","4.57","20.91M","-5.76%"
"03/07/2023","5.21","5.50","5.55","5.07","11.07M","-3.70%"
"03/06/2023","5.41","5.35","6.35","5.11","24.01M","-6.24%"
"03/03/2023","5.77","5.84","6.34","4.85","43.93M","0.87%"
"03/02/2023","5.72","7.69","8.49","5.66","57.80M","-57.72%"
"03/01/2023","13.53","14.27","14.32","13.03","9.26M","-2.73%"
"02/28/2023","13.91","13.85","14.69","13.68","6.37M","0.22%"
"02/27/2023","13.88","14.60","15.32","13.72","5.35M","-3.14%"
"02/24/2023","14.33","15.35","15.45","13.92","5.53M","-7.01%"
"02/23/2023","15.41","16.25","16.34","14.62","5.95M","-2.28%"
"02/22/2023","15.77","16.38","16.88","15.40","6.17M","-3.31%"
"02/21/2023","16.31","17.37","18.00","15.85","6.89M","-9.69%"
"02/17/2023","18.06","18.14","18.60","16.61","14.09M","4.09%"
"02/16/2023","17.35","21.71","24.00","17.24","29.37M","-22.27%"
"02/15/2023","22.32","18.33","22.50","17.19","37.49M","28.57%"
"02/14/2023","17.36","15.99","17.91","14.50","33.12M","18.01%"
"02/13/2023","14.71","14.76","14.81","14.02","4.04M","-1.93%"
"02/10/2023","15.00","14.98","15.59","14.50","4.84M","-4.82%"
"02/09/2023","15.76","17.48","17.48","15.46","6.64M","-9.37%"
"02/08/2023","17.39","18.00","19.35","17.33","5.55M","-5.80%"
"02/07/2023","18.46","18.88","18.88","17.18","6.30M","-3.75%"
"02/06/2023","19.18","19.59","19.78","17.24","9.30M","1.86%"
"02/03/2023","18.83","17.61","21.83","17.50","14.23M","-10.21%"
"02/02/2023","20.97","19.40","24.71","18.60","41.24M","29.13%"
"02/01/2023","16.24","14.32","17.20","13.82","13.75M","14.04%"
"01/31/2023","14.24","13.18","14.53","13.03","12.87M","9.96%"
"01/30/2023","12.95","13.38","15.39","12.95","8.04M","-4.64%"
"01/27/2023","13.58","13.21","13.73","12.50","9.75M","-3.76%"
"01/26/2023","14.11","15.01","15.15","13.68","4.09M","-2.42%"
"01/25/2023","14.46","13.95","14.49","13.15","5.28M","1.33%"
"01/24/2023","14.27","17.23","17.23","14.17","5.80M","-10.98%"
"01/23/2023","16.03","13.93","16.65","13.69","12.25M","16.75%"
"01/20/2023","13.73","12.35","13.90","12.08","8.13M","13.00%"
"01/19/2023","12.15","12.14","12.51","11.57","5.67M","-0.49%"
"01/18/2023","12.21","13.76","14.18","11.90","11.04M","-8.40%"
"01/17/2023","13.33","16.10","16.97","13.22","25.37M","0.98%"
"01/13/2023","13.20","13.87","14.50","12.72","10.08M","-4.00%"
"01/12/2023","13.75","12.52","14.63","11.83","13.03M","12.89%"
"01/11/2023","12.18","12.23","12.36","11.67","4.87M","-1.69%"
"01/10/2023","12.39","11.45","12.62","11.30","7.59M","7.27%"
"01/09/2023","11.55","12.10","12.62","11.44","8.27M","-5.64%"
"01/06/2023","12.24","11.85","12.41","10.81","17.61M","-2.63%"
"01/05/2023","12.57","13.17","14.50","11.14","30.35M","-42.73%"
"01/04/2023","21.95","17.49","22.08","17.32","13.80M","27.10%"
"01/03/2023","17.27","17.55","18.38","16.91","3.54M","-0.75%"
"12/30/2022","17.40","16.26","17.50","16.20","3.70M","4.57%"
"12/29/2022","16.64","16.21","17.14","15.85","3.31M","4.13%"
"12/28/2022","15.98","15.60","16.42","15.52","2.74M","1.33%"
"12/27/2022","15.77","16.03","16.43","15.35","3.27M","-4.13%"
"12/23/2022","16.45","16.69","17.06","16.10","2.52M","-1.14%"
"12/22/2022","16.64","16.80","16.80","15.71","3.35M","-0.89%"
"12/21/2022","16.79","17.09","17.28","16.44","2.53M","-0.59%"
"12/20/2022","16.89","17.15","18.02","16.73","3.15M","-1.57%"
"12/19/2022","17.16","18.52","18.62","16.58","4.20M","-7.59%"
"12/16/2022","18.57","18.64","19.42","17.48","8.00M","-1.95%"
"12/15/2022","18.94","18.38","19.44","18.15","3.82M","1.23%"
"12/14/2022","18.71","18.83","19.75","18.50","4.77M","-0.11%"
"12/13/2022","18.73","21.63","22.37","18.02","11.93M","-11.90%"
"12/12/2022","21.26","21.18","22.00","19.25","4.72M","-0.79%"
"12/09/2022","21.43","22.53","23.17","21.12","4.10M","-7.11%"
"12/08/2022","23.07","22.15","23.60","21.32","2.45M","4.48%"
"12/07/2022","22.08","22.62","22.75","21.55","3.04M","-4.42%"
"12/06/2022","23.10","23.08","24.44","21.81","10.03M","-4.70%"
"12/05/2022","24.24","25.86","26.44","23.83","3.51M","-8.49%"
"12/02/2022","26.49","25.00","26.51","24.86","2.53M","5.04%"
"12/01/2022","25.22","27.69","28.24","25.04","5.58M","-8.06%"
"11/30/2022","27.43","26.31","27.51","24.72","4.75M","5.95%"
"11/29/2022","25.89","25.60","26.95","25.15","3.97M","-0.04%"
"11/28/2022","25.90","27.49","28.79","25.18","5.92M","-11.12%"
"11/25/2022","29.14","28.15","29.84","27.60","3.00M","3.52%"
"11/23/2022","28.15","25.17","28.58","24.94","5.57M","11.49%"
"11/22/2022","25.25","24.88","26.99","24.21","6.12M","4.04%"
"11/21/2022","24.27","25.49","25.70","23.20","7.90M","-2.53%"
"11/18/2022","24.90","28.95","29.00","24.45","10.47M","-10.75%"
"11/17/2022","27.90","27.60","29.20","26.11","7.83M","-10.98%"
"11/16/2022","31.34","27.93","31.87","26.18","13.51M","6.74%"
"11/15/2022","29.36","36.38","37.71","28.88","8.52M","-17.27%"
"11/14/2022","35.49","36.72","37.33","32.50","5.60M","3.11%"
"11/11/2022","34.42","27.30","35.03","26.77","7.84M","5.32%"
"11/10/2022","32.68","38.24","40.25","32.25","7.24M","-5.79%"
"11/09/2022","34.69","34.66","38.33","33.75","7.67M","-12.00%"
"11/08/2022","39.42","45.67","48.54","36.74","8.03M","-22.65%"
"11/07/2022","50.96","52.00","53.19","49.77","762.17K","-2.73%"
"11/04/2022","52.39","52.62","53.15","49.50","1.06M","2.79%"
"11/03/2022","50.97","51.00","53.22","50.44","787.24K","-1.47%"
"11/02/2022","51.73","56.02","56.69","51.58","957.96K","-6.98%"
"11/01/2022","55.61","58.53","59.75","54.90","722.47K","-2.03%"
"10/31/2022","56.76","58.02","60.05","56.06","1.21M","-3.54%"
"10/28/2022","58.84","57.68","59.91","56.65","628.28K","2.89%"
"10/27/2022","57.19","58.48","59.60","56.53","570.81K","-1.24%"
"10/26/2022","57.91","58.02","63.10","57.51","1.13M","-4.55%"
"10/25/2022","60.67","55.07","61.77","55.07","1.19M","10.55%"
"10/24/2022","54.88","54.54","55.62","52.60","878.05K","1.70%"
"10/21/2022","53.96","55.00","55.00","52.10","1.67M","-2.10%"
"10/20/2022","55.12","54.31","58.33","53.57","1.03M","1.08%"
"10/19/2022","54.53","53.50","55.50","52.07","1.94M","-0.33%"
"10/18/2022","54.71","62.98","64.65","54.40","5.04M","-22.72%"
"10/17/2022","70.79","70.79","73.28","69.23","951.70K","5.39%"
"10/14/2022","67.17","70.24","72.47","66.29","664.61K","-2.16%"
"10/13/2022","68.65","62.15","70.91","61.70","1.09M","2.65%"
"10/12/2022","66.88","66.16","67.51","63.55","601.58K","1.94%"
"10/11/2022","65.61","65.65","66.93","63.59","595.26K","-1.69%"
"10/10/2022","66.74","70.30","70.65","65.29","646.86K","-4.94%"
"10/07/2022","70.21","70.99","71.32","67.83","778.69K","-4.81%"
"10/06/2022","73.76","75.44","77.20","72.07","910.16K","-6.53%"
"10/05/2022","78.91","78.29","79.41","75.25","486.03K","-2.42%"
"10/04/2022","80.87","78.58","82.77","78.58","795.52K","6.79%"
"10/03/2022","75.73","76.76","77.46","73.74","558.96K","0.50%"
"09/30/2022","75.35","73.93","80.00","73.27","489.50K","1.15%"
"09/29/2022","74.49","76.12","76.55","70.94","775.87K","-5.60%"
"09/28/2022","78.91","74.68","79.81","74.24","550.72K","5.59%"
"09/27/2022","74.73","75.92","79.11","73.15","522.23K","1.60%"
"09/26/2022","73.55","73.66","76.67","72.60","399.02K","-0.58%"
"09/23/2022","73.98","74.02","74.07","70.51","801.83K","-2.23%"
"09/22/2022","75.67","78.39","78.69","74.59","597.60K","-3.37%"
"09/21/2022","78.31","80.00","83.78","78.05","565.59K","-1.93%"
"09/20/2022","79.85","79.20","81.66","77.99","301.71K","-1.30%"
"09/19/2022","80.90","78.94","81.99","77.00","624.50K","0.80%"
"09/16/2022","80.26","81.00","83.92","79.74","1.03M","-4.21%"
"09/15/2022","83.79","86.95","92.08","83.50","652.98K","-5.05%"
"09/14/2022","88.25","89.74","89.91","86.30","404.01K","-1.11%"
"09/13/2022","89.24","91.59","92.87","89.12","637.93K","-8.04%"
"09/12/2022","97.04","96.55","97.39","94.26","566.74K","2.30%"
"09/09/2022","94.86","94.49","96.06","92.28","654.53K","2.85%"
"09/08/2022","92.23","86.00","93.65","84.66","693.10K","5.18%"
"09/07/2022","87.69","82.12","87.73","82.12","499.62K","5.59%"
"09/06/2022","83.05","86.87","87.06","81.74","776.49K","-3.10%"
"09/02/2022","85.71","88.39","90.50","84.29","505.15K","-2.31%"
"09/01/2022","87.74","88.38","88.65","82.90","696.62K","-3.71%"
"08/31/2022","91.12","91.79","93.26","89.90","371.41K","-0.36%"
"08/30/2022","91.45","92.78","93.64","87.05","417.10K","0.52%"
"08/29/2022","90.98","92.04","94.79","89.49","659.47K","-0.10%"
"08/26/2022","91.07","100.31","101.31","91.00","608.65K","-8.67%"
"08/25/2022","99.71","96.40","99.82","95.72","417.28K","4.81%"
"08/24/2022","95.13","93.82","96.29","92.14","321.61K","2.17%"
"08/23/2022","93.11","92.67","96.53","91.69","526.37K","0.44%"
"08/22/2022","92.70","91.00","94.20","90.22","589.09K","-1.85%"
"08/19/2022","94.45","95.21","96.00","91.41","763.30K","-4.57%"
"08/18/2022","98.97","98.02","99.71","96.55","455.66K","1.05%"
"08/17/2022","97.94","101.65","102.67","97.52","604.89K","-5.95%"
"08/16/2022","104.14","104.75","105.74","100.99","575.89K","-1.88%"
"08/15/2022","106.13","106.17","107.89","104.18","445.20K","-0.84%"
"08/12/2022","107.03","102.93","107.88","100.85","463.29K","5.38%"
"08/11/2022","101.57","107.00","108.11","100.67","670.55K","-2.81%"
"08/10/2022","104.51","105.68","106.72","100.14","783.13K","4.25%"
"08/09/2022","100.25","103.00","103.13","98.40","555.44K","-4.18%"
"08/08/2022","104.62","105.52","108.11","102.59","637.48K","2.15%"
"08/05/2022","102.42","100.99","105.08","99.74","645.45K","-0.25%"
"08/04/2022","102.68","100.16","104.88","97.83","1.40M","7.18%"
"08/03/2022","95.80","95.36","100.94","95.03","1.36M","1.33%"
"08/02/2022","94.54","90.63","95.86","89.48","856.74K","3.05%"
"08/01/2022","91.74","90.27","93.87","87.62","685.58K","-1.66%"
"07/29/2022","93.29","91.00","94.24","89.69","825.21K","1.46%"
"07/28/2022","91.95","87.43","92.06","83.66","1.04M","5.62%"
"07/27/2022","87.06","83.91","88.92","82.50","1.17M","6.05%"
"07/26/2022","82.09","85.60","85.95","81.46","1.14M","-5.58%"
"07/25/2022","86.94","84.93","88.57","83.50","808.13K","0.51%"
"07/22/2022","86.50","96.82","97.10","84.60","1.53M","-7.53%"
"07/21/2022","93.54","89.10","93.81","88.27","1.22M","1.05%"
"07/20/2022","92.57","83.50","94.60","82.27","3.83M","16.29%"
"07/19/2022","79.60","71.64","80.58","71.05","3.02M","22.37%"
"07/18/2022","65.05","63.90","71.11","63.68","2.06M","5.67%"
"07/15/2022","61.56","61.27","62.46","59.00","888.10K","3.62%"
"07/14/2022","59.41","59.06","60.61","56.80","755.07K","-0.17%"
"07/13/2022","59.51","57.76","61.65","57.45","654.99K","-1.28%"
"07/12/2022","60.28","60.30","61.63","59.14","542.83K","1.65%"
"07/11/2022","59.30","61.41","61.98","58.64","583.89K","-6.27%"
"07/08/2022","63.27","64.01","67.50","62.28","602.86K","-2.26%"
"07/07/2022","64.73","61.68","65.33","61.45","763.47K","6.20%"
"07/06/2022","60.95","59.37","62.54","58.99","1.41M","1.03%"
"07/05/2022","60.33","51.40","60.72","50.65","1.14M","13.74%"
"07/01/2022","53.04","54.27","54.98","51.35","974.32K","-0.92%"
"06/30/2022","53.53","55.30","56.17","51.05","1.25M","-6.90%"
"06/29/2022","57.50","58.00","58.63","55.82","731.19K","-1.83%"
"06/28/2022","58.57","63.99","64.94","57.57","894.99K","-6.50%"
"06/27/2022","62.64","64.00","64.13","59.28","891.42K","-1.28%"
"06/24/2022","63.45","60.69","65.27","60.33","1.64M","6.00%"
"06/23/2022","59.86","56.64","60.67","55.55","1.20M","6.29%"
"06/22/2022","56.32","57.52","59.42","54.55","1.49M","-5.50%"
"06/21/2022","59.60","61.03","63.78","59.43","1.08M","2.74%"
"06/17/2022","58.01","59.77","61.16","57.70","2.02M","-1.56%"
"06/16/2022","58.93","62.11","62.97","57.84","1.54M","-8.49%"
"06/15/2022","64.40","65.41","67.88","61.64","1.91M","-0.94%"
"06/14/2022","65.01","62.65","65.17","59.22","1.27M","5.43%"
"06/13/2022","61.66","63.34","65.85","60.27","2.31M","-16.69%"
"06/10/2022","74.01","73.55","75.65","70.60","1.06M","-2.22%"
"06/09/2022","75.69","82.13","82.44","75.11","875.65K","-9.18%"
"06/08/2022","83.34","83.28","86.86","81.59","622.34K","-1.04%"
"06/07/2022","84.22","77.26","84.44","76.19","791.29K","5.45%"
"06/06/2022","79.87","79.94","84.10","78.01","903.97K","3.78%"
"06/03/2022","76.96","76.02","79.96","74.60","752.30K","-3.37%"
"06/02/2022","79.64","70.30","80.09","70.30","990.74K","11.46%"
"06/01/2022","71.45","78.50","81.00","70.53","922.77K","-8.98%"
"05/31/2022","78.50","82.03","84.19","78.19","1.33M","-0.82%"
"05/27/2022","79.15","76.42","80.30","75.66","1.01M","5.93%"
"05/26/2022","74.72","67.57","76.25","65.50","855.68K","4.84%"
"05/25/2022","71.27","66.10","74.14","66.10","865.65K","6.15%"
"05/24/2022","67.14","71.50","71.75","64.60","1.22M","-7.99%"
"05/23/2022","72.97","71.43","75.77","69.78","1.03M","3.67%"
"05/20/2022","70.39","73.21","73.92","66.06","1.14M","-1.92%"
"05/19/2022","71.77","74.50","75.82","69.06","1.84M","-2.14%"
"05/18/2022","73.34","76.50","79.70","71.82","1.06M","-7.64%"
"05/17/2022","79.41","74.45","79.88","72.14","1.72M","13.48%"
"05/16/2022","69.98","75.51","76.64","69.41","1.45M","-7.76%"
"05/13/2022","75.87","71.59","81.92","71.50","3.22M","19.11%"
"05/12/2022","63.70","66.11","70.41","56.15","4.76M","-10.92%"
"05/11/2022","71.51","78.89","84.90","70.01","2.67M","-16.71%"
"05/10/2022","85.86","93.68","96.98","82.58","1.56M","-4.70%"
"05/09/2022","90.09","102.85","103.76","88.94","1.93M","-19.21%"
"05/06/2022","111.51","111.27","115.71","104.67","879.98K","-1.12%"
"05/05/2022","112.77","128.85","129.74","110.48","1.28M","-13.91%"
"05/04/2022","130.99","125.83","131.93","120.20","806.27K","4.71%"
"05/03/2022","125.10","120.37","126.83","119.19","614.87K","2.95%"
"05/02/2022","121.52","117.00","122.13","113.83","782.00K","3.90%"
"04/29/2022","116.96","125.05","131.23","116.23","542.79K","-7.07%"
"04/28/2022","125.86","121.43","127.80","114.75","951.91K","5.72%"
"04/27/2022","119.05","118.00","124.00","114.21","696.99K","0.32%"
"04/26/2022","118.67","125.25","125.93","117.50","912.67K","-7.06%"
"04/25/2022","127.69","124.25","130.99","119.59","1.02M","-0.44%"
"04/22/2022","128.26","130.57","137.26","126.84","891.87K","-1.75%"
"04/21/2022","130.55","139.04","144.53","129.65","1.10M","-4.06%"
"04/20/2022","136.07","134.82","142.25","133.53","1.37M","3.34%"
"04/19/2022","131.67","125.76","134.78","122.00","1.73M","13.21%"
"04/18/2022","116.31","115.91","118.00","111.57","1.02M","-1.58%"
"04/14/2022","118.18","128.70","129.58","117.51","706.15K","-6.81%"
"04/13/2022","126.82","122.23","128.26","121.06","605.55K","3.73%"
"04/12/2022","122.26","125.81","131.07","121.25","615.10K","-0.94%"
"04/11/2022","123.42","122.44","129.31","121.25","796.40K","-3.50%"
"04/08/2022","127.89","129.24","135.34","124.38","691.49K","-1.80%"
"04/07/2022","130.24","135.50","137.70","128.18","664.49K","-3.69%"
"04/06/2022","135.23","139.96","140.90","133.27","1.03M","-5.55%"
"04/05/2022","143.18","153.00","154.50","142.01","756.57K","-5.46%"
"04/04/2022","151.45","149.00","155.69","148.07","537.04K","1.19%"
"04/01/2022","149.67","152.49","155.43","146.47","561.62K","-0.60%"
"03/31/2022","150.57","152.30","155.70","149.30","481.13K","-1.46%"
"03/30/2022","152.80","158.04","161.47","150.51","551.29K","-4.81%"
"03/29/2022","160.52","155.15","162.65","150.50","758.06K","5.73%"
"03/28/2022","151.82","154.00","160.00","150.50","871.84K","1.47%"
"03/25/2022","149.62","153.52","157.35","145.34","740.41K","-2.18%"
"03/24/2022","152.96","146.06","157.35","144.01","1.09M","6.49%"
"03/23/2022","143.64","148.47","150.85","142.76","686.58K","-4.99%"
"03/22/2022","151.19","141.14","153.55","141.14","1.05M","8.02%"
"03/21/2022","139.96","141.00","145.27","134.18","908.47K","1.94%"
"03/18/2022","137.30","134.58","140.79","131.04","880.76K","3.26%"
"03/17/2022","132.97","128.81","135.26","126.66","587.17K","2.63%"
"03/16/2022","129.56","125.00","131.94","122.41","756.54K","7.84%"
"03/15/2022","120.14","113.80","123.26","113.80","501.24K","4.58%"
"03/14/2022","114.88","122.06","123.53","111.43","752.21K","-6.96%"
"03/11/2022","123.48","133.50","137.80","121.69","677.23K","-5.75%"
"03/10/2022","131.01","120.00","132.54","118.97","861.05K","3.43%"
"03/09/2022","126.66","114.00","131.46","114.00","1.53M","18.67%"
"03/08/2022","106.73","101.14","110.73","99.00","790.18K","7.23%"
"03/07/2022","99.53","109.13","113.07","99.00","1.03M","-5.96%"
"03/04/2022","105.84","120.34","120.34","103.26","1.13M","-12.64%"
"03/03/2022","121.16","133.81","135.99","118.66","746.16K","-9.03%"
"03/02/2022","133.19","128.50","134.25","125.60","630.15K","4.24%"
"03/01/2022","127.77","132.18","136.00","125.08","844.98K","-0.24%"
"02/28/2022","128.08","118.46","131.00","118.46","829.43K","6.30%"
"02/25/2022","120.49","116.00","120.95","113.55","578.82K","4.37%"
"02/24/2022","115.44","97.88","116.05","96.90","846.86K","9.23%"
"02/23/2022","105.69","113.90","115.85","105.12","744.91K","-4.65%"
"02/22/2022","110.84","109.80","115.27","107.03","595.83K","-3.50%"
"02/18/2022","114.86","118.17","120.52","112.30","535.58K","-3.56%"
"02/17/2022","119.10","124.78","127.82","117.52","528.15K","-6.89%"
"02/16/2022","127.91","127.00","130.36","124.29","440.91K","-1.24%"
"02/15/2022","129.51","128.00","129.99","122.92","620.58K","10.06%"
"02/14/2022","117.67","116.58","122.20","114.84","527.98K","0.38%"
"02/11/2022","117.23","122.71","128.86","115.00","725.20K","-5.37%"
"02/10/2022","123.88","125.90","131.90","122.24","779.33K","-2.61%"
"02/09/2022","127.20","123.38","127.30","120.74","863.44K","4.48%"
"02/08/2022","121.74","115.09","121.83","114.75","739.01K","4.01%"
"02/07/2022","117.05","117.67","120.34","113.13","1.25M","4.75%"
"02/04/2022","111.74","105.00","113.29","101.24","964.81K","9.48%"
"02/03/2022","102.06","104.27","106.85","101.14","669.93K","-2.68%"
"02/02/2022","104.87","111.11","112.33","101.82","789.35K","-5.42%"
"02/01/2022","110.88","116.21","117.32","107.50","1.51M","2.91%"
"01/31/2022","107.74","95.35","107.85","95.35","986.26K","12.11%"
"01/28/2022","96.10","94.50","97.07","89.00","827.46K","3.05%"
"01/27/2022","93.26","101.75","102.72","89.08","1.06M","-6.25%"
"01/26/2022","99.48","106.99","109.80","96.48","1.10M","-2.52%"
"01/25/2022","102.05","97.41","104.49","95.61","1.03M","2.56%"
"01/24/2022","99.50","88.05","100.01","84.54","1.88M","5.16%"
"01/21/2022","94.62","103.75","107.30","93.49","2.25M","-13.46%"
"01/20/2022","109.34","117.00","117.90","108.62","1.60M","0.10%"
"01/19/2022","109.23","105.94","113.73","104.01","1.88M","5.70%"
"01/18/2022","103.34","120.98","125.01","102.50","3.90M","-25.20%"
"01/14/2022","138.15","131.79","139.50","130.35","771.35K","1.31%"
"01/13/2022","136.37","141.86","144.52","132.22","1.02M","-2.06%"
"01/12/2022","139.24","136.73","140.90","133.60","1.27M","7.87%"
"01/11/2022","129.08","125.03","129.68","122.00","693.06K","4.67%"
"01/10/2022","123.32","120.80","124.75","115.70","1.19M","-4.02%"
"01/07/2022","128.49","132.24","137.00","127.18","975.93K","-2.91%"
"01/06/2022","132.34","137.25","139.75","125.02","1.39M","-2.91%"
"01/05/2022","136.31","151.76","154.00","135.44","902.43K","-9.49%"
"01/04/2022","150.61","151.36","154.64","145.56","816.65K","1.09%"
"01/03/2022","148.98","150.88","155.80","148.00","629.17K","0.53%"
"12/31/2021","148.20","151.97","154.66","147.35","530.78K","-2.39%"
"12/30/2021","151.83","150.12","156.93","148.66","499.02K","2.06%"
"12/29/2021","148.77","152.38","154.20","144.05","888.06K","-3.37%"
"12/28/2021","153.96","157.02","160.96","151.67","575.33K","-5.47%"
"12/27/2021","162.87","157.19","166.60","155.20","942.07K","4.58%"
"12/23/2021","155.74","148.00","157.19","146.16","648.79K","5.41%"
"12/22/2021","147.75","143.32","150.78","143.32","708.42K","2.55%"
"12/21/2021","144.07","136.34","144.19","136.34","677.64K","8.65%"
"12/20/2021","132.60","136.46","140.10","131.83","959.03K","-6.70%"
"12/17/2021","142.12","139.49","145.89","132.23","1.48M","-1.28%"
"12/16/2021","143.96","155.85","157.04","139.96","1.25M","-2.03%"
"12/15/2021","146.95","139.00","149.12","133.35","1.13M","5.56%"
"12/14/2021","139.21","135.52","143.59","134.46","895.33K","0.13%"
"12/13/2021","139.03","149.81","149.81","137.41","1.32M","-9.05%"
"12/10/2021","152.87","155.85","155.85","145.65","1.48M","3.21%"
"12/09/2021","148.12","167.98","171.00","145.90","2.07M","-11.86%"
"12/08/2021","168.05","166.00","171.23","161.51","1.06M","1.75%"
"12/07/2021","165.16","156.28","173.00","155.17","4.90M","-0.13%"
"12/06/2021","165.37","154.45","169.96","147.90","1.68M","0.71%"
"12/03/2021","164.21","195.02","197.21","160.07","2.22M","-15.47%"
"12/02/2021","194.26","195.00","203.73","185.43","1.56M","-2.03%"
"12/01/2021","198.29","211.00","226.00","194.35","1.61M","-3.03%"
"11/30/2021","204.48","215.00","232.00","198.67","1.53M","-4.20%"
"11/29/2021","213.45","210.40","216.79","202.17","920.40K","5.85%"
"11/26/2021","201.66","201.74","207.96","189.25","831.33K","-5.78%"
"11/24/2021","214.02","196.00","215.33","193.22","601.82K","6.41%"
"11/23/2021","201.13","191.02","202.59","187.01","760.02K","3.27%"
"11/22/2021","194.77","222.50","239.26","184.01","1.67M","-11.37%"
"11/19/2021","219.75","196.92","227.00","195.85","1.34M","10.65%"
"11/18/2021","198.60","198.96","202.52","190.05","469.14K","-0.20%"
"11/17/2021","198.99","200.42","206.45","194.10","756.26K","0.65%"
"11/16/2021","197.70","202.26","203.83","196.05","753.80K","-4.95%"
"11/15/2021","208.00","216.01","217.00","202.20","629.49K","-1.89%"
"11/12/2021","212.00","205.18","214.24","199.10","657.81K","1.74%"
"11/11/2021","208.38","207.99","216.00","200.00","1.26M","10.41%"
"11/10/2021","188.73","206.60","207.00","187.73","896.89K","-7.28%"
"11/09/2021","203.55","221.16","230.58","200.60","926.14K","-6.28%"
"11/08/2021","217.18","219.38","225.03","210.05","825.59K","0.94%"
"11/05/2021","215.16","220.20","226.97","210.07","601.07K","-0.37%"
"11/04/2021","215.96","221.01","221.57","203.45","1.03M","-2.78%"
"11/03/2021","222.13","201.02","222.49","195.65","1.11M","9.07%"
"11/02/2021","203.66","190.34","205.97","186.10","1.66M","7.00%"
"11/01/2021","190.34","159.01","194.00","157.00","3.16M","21.53%"
"10/29/2021","156.62","156.38","162.00","153.94","810.95K","-0.29%"
"10/28/2021","157.08","151.53","157.08","151.47","878.53K","6.73%"
"10/27/2021","147.18","155.80","158.29","146.92","885.56K","-7.92%"
"10/26/2021","159.84","154.00","163.28","153.95","1.00M","3.93%"
"10/25/2021","153.80","148.00","154.08","147.70","769.96K","5.40%"
"10/22/2021","145.92","147.64","152.97","140.52","656.42K","-1.66%"
"10/21/2021","148.38","146.03","152.13","143.62","781.84K","0.56%"
"10/20/2021","147.55","139.00","153.84","138.43","1.80M","7.69%"
"10/19/2021","137.01","142.57","148.00","133.10","2.94M","-13.39%"
"10/18/2021","158.19","159.50","166.16","158.14","1.28M","-0.82%"
"10/15/2021","159.49","165.00","168.85","158.11","1.08M","-0.38%"
"10/14/2021","160.10","160.96","166.39","158.00","791.99K","2.01%"
"10/13/2021","156.95","158.34","159.21","151.12","733.45K","-1.48%"
"10/12/2021","159.31","159.00","164.74","153.50","1.01M","-0.43%"
"10/11/2021","159.99","163.79","174.99","159.55","1.27M","-1.63%"
"10/08/2021","162.64","155.10","167.77","154.00","1.35M","7.20%"
"10/07/2021","151.72","160.22","168.60","148.37","1.86M","-6.75%"
"10/06/2021","162.71","155.52","167.50","144.00","2.54M","6.35%"
"10/05/2021","153.00","138.36","154.60","137.76","2.39M","12.58%"
"10/04/2021","135.90","128.20","141.96","121.06","1.81M","6.13%"
"10/01/2021","128.05","118.64","128.31","116.87","1.20M","10.87%"
"09/30/2021","115.50","117.24","118.45","112.43","678.41K","-0.06%"
"09/29/2021","115.57","111.00","117.70","110.40","809.38K","5.50%"
"09/28/2021","109.55","110.46","110.57","105.02","617.32K","-0.92%"
"09/27/2021","110.57","106.33","111.47","105.25","829.37K","6.59%"
"09/24/2021","103.73","102.00","104.39","100.62","514.42K","-1.28%"
"09/23/2021","105.07","103.30","105.77","100.61","659.46K","2.99%"
"09/22/2021","102.02","102.01","104.20","99.78","593.47K","0.30%"
"09/21/2021","101.71","103.63","105.12","100.90","438.61K","-0.26%"
"09/20/2021","101.98","106.40","107.47","100.66","735.15K","-8.53%"
"09/17/2021","111.49","112.39","113.35","109.63","1.05M","-0.04%"
"09/16/2021","111.53","108.24","112.94","108.24","340.15K","2.75%"
"09/15/2021","108.55","105.33","110.00","104.81","477.51K","3.86%"
"09/14/2021","104.52","110.60","111.75","103.90","416.23K","-4.26%"
"09/13/2021","109.17","112.00","112.36","106.50","474.53K","-1.68%"
"09/10/2021","111.03","117.07","118.20","110.90","453.33K","-4.56%"
"09/09/2021","116.34","112.00","117.74","112.00","420.02K","4.43%"
"09/08/2021","111.40","116.87","116.98","109.61","539.21K","-6.09%"
"09/07/2021","118.62","121.02","126.62","117.42","970.70K","-1.68%"
"09/03/2021","120.65","119.65","123.85","117.46","659.97K","1.52%"
"09/02/2021","118.84","118.01","119.12","115.31","381.33K","3.25%"
"09/01/2021","115.10","113.45","118.04","112.20","460.59K","1.88%"
"08/31/2021","112.98","111.56","114.49","110.54","452.25K","2.12%"
"08/30/2021","110.63","113.26","114.19","108.25","496.32K","-3.17%"
"08/27/2021","114.25","109.30","116.23","109.11","605.57K","4.72%"
"08/26/2021","109.10","110.31","114.28","107.82","434.04K","-2.13%"
"08/25/2021","111.48","109.00","114.85","107.45","619.22K","1.73%"
"08/24/2021","109.58","107.90","111.65","107.12","589.29K","1.38%"
"08/23/2021","108.09","104.75","109.20","103.13","670.29K","7.29%"
"08/20/2021","100.75","94.80","102.22","94.08","644.49K","6.48%"
"08/19/2021","94.62","96.52","98.30","93.90","663.06K","-2.58%"
"08/18/2021","97.13","98.00","102.50","95.96","548.02K","-0.50%"
"08/17/2021","97.62","106.25","106.25","95.17","1.15M","-10.87%"
"08/16/2021","109.53","111.40","112.50","105.63","477.57K","-1.94%"
"08/13/2021","111.70","115.08","123.50","110.61","832.20K","-1.93%"
"08/12/2021","113.90","115.02","116.76","111.93","375.62K","-2.94%"
"08/11/2021","117.35","117.88","117.88","113.10","441.15K","1.80%"
"08/10/2021","115.28","120.20","120.80","113.00","636.61K","-1.65%"
"08/09/2021","117.21","116.34","121.62","115.48","834.00K","1.24%"
"08/06/2021","115.77","111.00","117.25","110.07","909.49K","5.86%"
"08/05/2021","109.36","101.72","110.08","101.00","579.42K","6.11%"
"08/04/2021","103.06","102.11","105.83","101.05","372.06K","2.52%"
"08/03/2021","100.53","102.47","102.47","96.25","372.73K","-1.21%"
"08/02/2021","101.76","103.14","107.83","101.61","553.63K","-1.01%"
"07/30/2021","102.80","106.00","108.62","102.50","490.56K","-3.49%"
"07/29/2021","106.52","109.79","111.67","106.31","253.70K","-2.10%"
"07/28/2021","108.81","108.08","110.50","104.04","371.70K","3.42%"
"07/27/2021","105.21","110.05","110.05","102.03","515.61K","-6.25%"
"07/26/2021","112.22","109.87","114.49","109.20","709.44K","6.84%"
"07/23/2021","105.04","106.34","106.55","101.50","378.28K","-0.27%"
"07/22/2021","105.32","108.08","109.89","103.93","563.04K","-2.36%"
"07/21/2021","107.87","101.65","109.11","101.01","874.52K","9.24%"
"07/20/2021","98.75","89.88","100.35","88.55","1.31M","14.35%"
"07/19/2021","86.36","84.39","87.26","83.06","720.77K","-1.42%"
"07/16/2021","87.60","92.63","92.63","86.95","541.59K","-4.60%"
"07/15/2021","91.82","93.49","96.74","88.70","629.77K","-2.19%"
"07/14/2021","93.88","99.05","100.49","93.36","512.21K","-4.46%"
"07/13/2021","98.26","102.78","102.85","98.17","432.28K","-4.57%"
"07/12/2021","102.97","106.40","106.40","102.50","347.11K","-3.51%"
"07/09/2021","106.72","101.02","106.83","100.00","335.57K","5.90%"
"07/08/2021","100.77","102.04","103.01","97.95","614.27K","-4.19%"
"07/07/2021","105.18","107.40","109.80","104.00","547.88K","-1.86%"
"07/06/2021","107.17","107.18","107.80","104.00","285.68K","-0.50%"
"07/02/2021","107.71","110.00","110.48","106.46","252.38K","-1.64%"
"07/01/2021","109.51","113.65","114.73","107.07","555.20K","-3.36%"
"06/30/2021","113.32","111.88","114.95","109.01","736.31K","1.08%"
"06/29/2021","112.11","109.81","113.92","109.27","762.42K","3.53%"
"06/28/2021","108.29","103.50","109.23","102.58","687.99K","5.82%"
"06/25/2021","102.33","105.00","105.54","102.04","1.62M","-4.22%"
"06/24/2021","106.84","101.32","107.47","101.07","964.17K","7.16%"
"06/23/2021","99.70","98.26","100.97","96.37","623.78K","3.06%"
"06/22/2021","96.74","94.76","97.18","89.64","899.75K","-1.18%"
"06/21/2021","97.90","93.38","98.97","92.51","824.03K","3.25%"
"06/18/2021","94.82","99.82","100.85","93.79","1.08M","-5.49%"
"06/17/2021","100.33","102.27","103.50","99.55","603.16K","-1.46%"
"06/16/2021","101.82","100.86","103.42","96.98","860.63K","-1.29%"
"06/15/2021","103.15","99.55","105.38","98.24","949.45K","4.24%"
"06/14/2021","98.95","99.47","104.76","97.96","1.10M","2.69%"
"06/11/2021","96.36","101.40","103.35","96.13","1.08M","-4.76%"
"06/10/2021","101.18","107.25","108.25","100.50","762.86K","-4.74%"
"06/09/2021","106.21","104.98","109.79","102.61","1.02M","2.67%"
"06/08/2021","103.45","113.21","114.75","101.28","1.53M","-10.39%"
"06/07/2021","115.44","113.49","116.27","112.42","516.82K","1.90%"
"06/04/2021","113.29","111.46","113.81","109.60","436.75K","1.55%"
"06/03/2021","111.56","114.10","115.47","109.00","567.14K","-2.24%"
"06/02/2021","114.12","117.96","117.96","110.65","812.52K","-1.36%"
"06/01/2021","115.69","112.01","118.67","111.91","1.34M","3.85%"
"05/28/2021","111.40","118.11","118.72","111.00","697.43K","-5.61%"
"05/27/2021","118.02","114.00","118.22","110.68","1.02M","4.66%"
"05/26/2021","112.76","108.93","116.00","107.75","814.95K","5.34%"
"05/25/2021","107.04","107.13","111.69","106.01","991.86K","0.92%"
"05/24/2021","106.06","105.66","108.57","101.63","965.93K","0.82%"
"05/21/2021","105.20","112.10","114.91","104.63","1.95M","-4.06%"
"05/20/2021","109.65","107.37","110.91","102.52","2.51M","6.92%"
"05/19/2021","102.55","89.78","103.85","86.42","3.60M","6.09%"
"05/18/2021","96.66","91.99","105.99","90.57","2.90M","5.94%"
"05/17/2021","91.24","90.51","93.52","86.14","1.94M","-2.20%"
"05/14/2021","93.29","92.16","94.00","86.40","3.06M","1.49%"
"05/13/2021","91.92","92.51","104.48","82.62","5.80M","13.73%"
"05/12/2021","80.82","83.68","88.63","80.78","1.19M","-5.03%"
"05/11/2021","85.10","82.14","87.21","81.17","1.39M","-2.42%"
"05/10/2021","87.21","93.69","93.73","86.58","1.20M","-6.49%"
"05/07/2021","93.26","98.00","101.34","92.13","1.40M","-4.26%"
"05/06/2021","97.41","102.59","102.98","92.23","1.38M","-6.65%"
"05/05/2021","104.35","102.00","107.82","101.21","766.04K","2.32%"
"05/04/2021","101.98","99.01","101.99","95.02","1.31M","-1.18%"
"05/03/2021","103.20","108.45","111.34","99.08","1.58M","-3.75%"
"04/30/2021","107.22","109.50","114.46","106.42","1.45M","-3.72%"
"04/29/2021","111.36","114.50","117.00","109.30","883.31K","-1.70%"
"04/28/2021","113.29","112.80","115.70","109.61","760.87K","0.07%"
"04/27/2021","113.21","118.87","120.00","111.53","1.24M","-2.64%"
"04/26/2021","116.28","119.00","120.39","113.48","1.56M","0.82%"
"04/23/2021","115.33","113.91","121.00","112.40","1.32M","-1.68%"
"04/22/2021","117.30","127.00","131.03","115.25","1.20M","-8.03%"
"04/21/2021","127.54","116.90","129.15","113.18","1.28M","5.72%"
"04/20/2021","120.64","124.25","126.24","107.94","1.89M","-3.55%"
"04/19/2021","125.08","130.62","133.30","120.60","1.75M","-5.95%"
"04/16/2021","133.00","135.00","136.91","129.06","1.35M","-4.38%"
"04/15/2021","139.09","146.23","147.34","126.16","1.55M","-1.58%"
"04/14/2021","141.32","171.11","172.49","135.50","2.54M","-15.12%"
"04/13/2021","166.49","166.01","172.97","160.10","1.42M","2.24%"
"04/12/2021","162.84","168.35","178.96","159.41","1.94M","-0.22%"
"04/09/2021","163.20","156.80","163.69","152.75","1.24M","3.95%"
"04/08/2021","157.00","141.11","160.28","141.00","1.41M","11.69%"
"04/07/2021","140.57","151.99","156.76","139.00","1.33M","-10.97%"
"04/06/2021","157.89","153.00","164.00","151.31","1.25M","5.04%"
"04/05/2021","150.31","144.67","150.43","137.63","1.03M","4.75%"
"04/01/2021","143.49","148.29","152.50","139.04","972.07K","0.93%"
"03/31/2021","142.17","138.50","145.93","133.15","1.51M","1.91%"
"03/30/2021","139.51","124.19","139.96","119.40","1.60M","15.42%"
"03/29/2021","120.87","128.81","130.00","115.62","1.36M","-2.40%"
"03/26/2021","123.84","130.01","132.69","116.56","1.13M","-2.85%"
"03/25/2021","127.47","113.11","131.67","113.06","1.92M","0.20%"
"03/24/2021","127.21","146.61","151.00","124.65","1.43M","-10.24%"
"03/23/2021","141.72","148.28","160.00","138.80","1.52M","-4.49%"
"03/22/2021","148.39","159.52","165.50","147.03","1.31M","-7.46%"
"03/19/2021","160.36","147.24","164.95","141.02","3.63M","9.70%"
"03/18/2021","146.18","166.71","176.36","143.08","2.08M","-12.31%"
"03/17/2021","166.71","148.00","171.98","145.00","1.58M","6.43%"
"03/16/2021","156.64","157.83","174.50","150.20","2.13M","-2.78%"
"03/15/2021","161.12","139.56","166.25","139.56","1.77M","16.26%"
"03/12/2021","138.59","130.05","145.65","130.05","1.39M","-0.51%"
"03/11/2021","139.30","126.48","144.29","125.01","1.42M","14.07%"
"03/10/2021","122.12","130.00","134.74","116.22","1.42M","-2.28%"
"03/09/2021","124.97","115.02","127.49","114.00","3.04M","14.64%"
"03/08/2021","109.01","114.13","126.48","107.53","1.37M","2.22%"
"03/05/2021","106.64","121.94","121.95","89.30","2.40M","-9.30%"
"03/04/2021","117.58","134.69","142.00","111.22","1.76M","-17.20%"
"03/03/2021","142.01","147.13","150.00","141.09","897.61K","-0.91%"
"03/02/2021","143.32","150.38","153.37","140.96","837.59K","-2.97%"
"03/01/2021","147.70","135.07","152.00","134.82","1.13M","15.79%"
"02/26/2021","127.56","122.29","134.99","118.22","1.12M","0.13%"
"02/25/2021","127.40","142.00","146.22","125.01","1.04M","-9.34%"
"02/24/2021","140.52","133.65","141.61","130.28","1.32M","8.26%"
"02/23/2021","129.80","142.05","146.40","102.46","2.52M","-20.08%"
"02/22/2021","162.41","154.80","170.00","154.40","1.06M","-4.96%"
"02/19/2021","170.88","157.91","174.79","154.01","1.06M","11.14%"
"02/18/2021","153.75","160.27","160.46","142.00","1.23M","-8.81%"
"02/17/2021","168.61","177.01","187.86","161.45","1.55M","-4.35%"
"02/16/2021","176.27","167.01","187.04","165.50","1.81M","8.33%"
"02/12/2021","162.71","147.84","162.86","143.44","974.20K","8.89%"
"02/11/2021","149.42","153.98","158.67","142.17","1.23M","3.74%"
"02/10/2021","144.03","158.30","159.01","129.25","1.91M","-10.01%"
"02/09/2021","160.06","149.08","161.13","142.74","1.51M","11.18%"
"02/08/2021","143.96","152.90","155.36","135.00","1.94M","14.71%"
"02/05/2021","125.50","121.01","128.91","117.64","863.57K","6.42%"
"02/04/2021","117.93","111.31","119.00","110.00","1.00M","7.69%"
"02/03/2021","109.51","110.65","113.62","104.34","968.00K","1.01%"
"02/02/2021","108.41","95.40","111.23","95.40","1.45M","13.80%"
"02/01/2021","95.26","97.12","99.16","88.26","785.75K","2.36%"
"01/29/2021","93.06","91.30","102.76","90.05","1.78M","9.78%"
"01/28/2021","84.77","82.50","86.20","79.00","817.52K","4.31%"
"01/27/2021","81.27","85.17","88.13","79.50","1.88M","-9.02%"
"01/26/2021","89.33","85.64","90.43","81.54","1.32M","4.05%"
"01/25/2021","85.85","79.82","87.94","76.15","2.72M","12.72%"
"01/22/2021","76.16","67.00","78.21","66.00","4.58M","12.68%"
"01/21/2021","67.59","63.39","68.00","56.00","2.48M","1.75%"
"01/20/2021","66.43","68.50","70.50","61.12","849.76K","-3.53%"
"01/19/2021","68.86","69.41","71.00","67.44","518.44K","1.21%"
"01/15/2021","68.04","70.03","71.00","67.24","550.84K","-6.11%"
"01/14/2021","72.47","69.43","75.69","69.43","844.30K","4.54%"
"01/13/2021","69.32","67.51","69.50","66.71","418.99K","1.87%"
"01/12/2021","68.05","66.21","71.70","64.60","576.44K","3.03%"
"01/11/2021","66.05","67.00","69.68","63.64","1.28M","-10.90%"
"01/08/2021","74.13","74.50","81.43","71.00","1.13M","0.67%"
"01/07/2021","73.64","71.54","74.80","70.50","1.22M","7.91%"
"01/06/2021","68.24","69.70","71.70","63.50","1.34M","0.19%"
"01/05/2021","68.11","66.00","70.32","63.29","803.64K","1.75%"
"01/04/2021","66.94","76.00","76.55","62.22","1.99M","-9.92%"
"12/31/2020","74.31","74.75","76.92","70.50","1.06M","0.16%"
"12/30/2020","74.19","70.51","75.62","70.05","1.10M","6.86%"
"12/29/2020","69.43","67.10","69.89","60.11","1.79M","3.80%"
"12/28/2020","66.89","69.10","78.05","65.28","1.46M","5.22%"
"12/24/2020","63.57","64.75","65.98","61.50","547.44K","-4.03%"
"12/23/2020","66.24","70.44","70.66","62.60","1.19M","-3.13%"
"12/22/2020","68.38","61.80","68.38","61.20","1.83M","20.94%"
"12/21/2020","56.54","51.50","64.89","51.33","1.75M","10.45%"
"12/18/2020","51.19","52.41","52.82","49.00","1.30M","-3.31%"
"12/17/2020","52.94","47.05","53.70","47.00","1.42M","16.43%"
"12/16/2020","45.47","46.66","46.66","44.00","659.21K","4.29%"
"12/15/2020","43.60","41.00","46.00","40.50","651.38K","7.42%"
"12/14/2020","40.59","41.56","43.98","40.00","1.50M","2.79%"
"12/11/2020","39.49","38.84","40.51","38.63","217.41K","-0.23%"
"12/10/2020","39.58","35.40","41.26","35.00","703.03K","6.37%"
"12/09/2020","37.21","41.51","41.59","36.30","914.52K","-8.87%"
"12/08/2020","40.83","43.39","43.39","39.08","794.60K","-8.31%"
"12/07/2020","44.53","42.55","45.63","42.55","637.53K","5.10%"
"12/04/2020","42.37","41.26","43.97","40.54","596.70K","4.85%"
"12/03/2020","40.41","39.63","40.88","37.79","424.26K","0.82%"
"12/02/2020","40.08","36.72","40.43","36.50","792.52K","11.24%"
"12/01/2020","36.03","35.72","36.77","35.11","471.65K","1.24%"
"11/30/2020","35.59","35.99","37.90","35.25","676.07K","7.62%"
"11/27/2020","33.07","32.92","33.70","31.13","529.10K","-5.19%"
"11/25/2020","34.88","36.10","36.25","33.50","451.30K","-2.35%"
"11/24/2020","35.72","36.98","38.37","34.42","668.59K","3.78%"
"11/23/2020","34.42","31.70","34.45","31.20","616.68K","12.85%"
"11/20/2020","30.50","30.95","31.66","30.24","389.59K","-1.20%"
"11/19/2020","30.87","30.39","31.44","30.16","418.36K","5.57%"
"11/18/2020","29.24","30.00","31.98","28.91","561.88K","-2.24%"
"11/17/2020","29.91","28.31","29.98","27.64","339.82K","5.17%"
"11/16/2020","28.44","28.47","29.19","28.10","232.19K","0.42%"
"11/13/2020","28.32","27.33","28.84","27.31","297.68K","4.81%"
"11/12/2020","27.02","27.48","28.03","26.54","191.32K","-0.81%"
"11/11/2020","27.24","26.02","27.42","25.68","198.45K","4.85%"
"11/10/2020","25.98","25.53","26.22","24.66","202.97K","1.72%"
"11/09/2020","25.54","28.55","29.81","25.34","386.24K","-7.36%"
"11/06/2020","27.57","26.91","27.69","25.97","410.31K","3.49%"
"11/05/2020","26.64","25.25","27.09","24.82","544.09K","10.95%"
"11/04/2020","24.01","23.21","24.38","22.52","308.42K","3.71%"
"11/03/2020","23.15","23.17","23.46","22.81","174.26K","2.89%"
"11/02/2020","22.50","22.54","23.40","22.33","203.70K","0.63%"
"10/30/2020","22.36","22.25","22.91","22.00","493.35K","0.27%"
"10/29/2020","22.30","22.50","22.88","21.11","185.67K","-1.41%"
"10/28/2020","22.62","22.98","22.99","22.00","262.85K","-1.74%"
"10/27/2020","23.02","22.99","23.48","22.11","528.23K","2.95%"
"10/26/2020","22.36","21.95","23.07","20.93","724.89K","8.07%"
"10/23/2020","20.69","20.07","20.99","19.80","288.76K","4.71%"
"10/22/2020","19.76","19.50","20.00","19.15","208.13K","2.22%"
"10/21/2020","19.33","18.01","19.89","17.88","283.82K","7.39%"
"10/20/2020","18.00","17.87","18.56","17.82","259.97K","1.81%"
"10/19/2020","17.68","17.08","18.08","16.76","250.48K","4.74%"
"10/16/2020","16.88","16.73","17.12","16.55","134.75K","3.69%"
"10/15/2020","16.28","15.55","16.41","15.52","85.80K","3.37%"
"10/14/2020","15.75","16.50","16.65","15.74","55.16K","-2.72%"
"10/13/2020","16.19","16.18","16.50","15.82","66.24K","0.31%"
"10/12/2020","16.14","15.59","16.15","15.50","122.64K","4.20%"
"10/09/2020","15.49","15.40","16.00","15.40","135.03K","-1.65%"
"10/08/2020","15.75","15.52","15.87","15.28","49.00K","2.61%"
"10/07/2020","15.35","15.24","15.68","15.11","78.68K","1.72%"
"10/06/2020","15.09","14.80","15.84","14.66","141.36K","2.44%"
"10/05/2020","14.73","14.87","14.97","14.58","141.87K","0.48%"
"10/02/2020","14.66","14.25","14.96","14.24","88.56K","0.41%"
"10/01/2020","14.60","14.37","14.80","14.17","77.30K","1.39%"
"09/30/2020","14.40","14.20","14.48","14.15","51.74K","1.41%"
"09/29/2020","14.20","14.33","14.33","13.91","41.51K","-1.18%"
"09/28/2020","14.37","13.88","14.47","13.88","68.14K","4.51%"
"09/25/2020","13.75","13.75","13.93","13.56","47.59K","0.15%"
"09/24/2020","13.73","13.56","14.25","13.50","137.02K","0.29%"
"09/23/2020","13.69","14.27","14.40","13.69","112.95K","-4.13%"
"09/22/2020","14.28","14.52","14.94","14.21","75.63K","-1.65%"
"09/21/2020","14.52","15.72","15.82","14.37","143.16K","-9.14%"
"09/18/2020","15.98","16.14","16.44","15.93","432.17K","0.00%"
"09/17/2020","15.98","15.63","16.11","15.49","153.66K","0.50%"
"09/16/2020","15.90","16.14","16.17","15.33","231.37K","-0.31%"
"09/15/2020","15.95","16.05","16.67","15.10","365.89K","0.19%"
"09/14/2020","15.92","15.08","15.95","15.08","164.96K","6.28%"
"09/11/2020","14.98","14.51","15.23","14.47","164.95K","2.88%"
"09/10/2020","14.56","14.79","14.79","14.26","72.99K","-0.41%"
"09/09/2020","14.62","14.43","14.97","14.42","90.43K","1.81%"
"09/08/2020","14.36","14.55","14.68","14.29","118.25K","-0.49%"
"09/04/2020","14.43","15.06","15.06","14.20","91.21K","-1.97%"
"09/03/2020","14.72","15.13","15.58","14.63","107.02K","-2.19%"
"09/02/2020","15.05","15.49","15.59","14.94","100.71K","-2.65%"
"09/01/2020","15.46","14.93","15.50","14.85","117.15K","3.55%"
"08/31/2020","14.93","15.00","15.34","14.82","209.93K","-0.33%"
"08/28/2020","14.98","15.48","15.50","14.70","177.28K","-2.28%"
"08/27/2020","15.33","15.02","15.36","14.81","150.10K","2.27%"
"08/26/2020","14.99","15.04","15.04","14.76","114.68K","0.07%"
"08/25/2020","14.98","14.99","15.05","14.86","183.35K","0.74%"
"08/24/2020","14.87","14.81","14.92","14.53","80.50K","0.61%"
"08/21/2020","14.78","14.94","14.96","14.29","128.35K","-1.34%"
"08/20/2020","14.98","14.78","15.05","14.59","125.88K","-0.20%"
"08/19/2020","15.01","14.80","15.17","14.72","245.17K","2.04%"
"08/18/2020","14.71","15.05","15.05","14.55","76.69K","-1.87%"
"08/17/2020","14.99","14.85","15.05","14.71","167.42K","0.94%"
"08/14/2020","14.85","14.66","15.05","14.49","110.00K","1.99%"
"08/13/2020","14.56","14.72","14.84","14.32","96.20K","-1.09%"
"08/12/2020","14.72","14.57","14.85","14.47","124.02K","2.94%"
"08/11/2020","14.30","14.36","14.79","14.26","88.09K","1.63%"
"08/10/2020","14.07","14.74","14.78","13.96","143.13K","-3.50%"
"08/07/2020","14.58","14.15","14.70","14.06","146.02K","3.04%"
"08/06/2020","14.15","14.10","14.55","14.07","258.42K","0.43%"
"08/05/2020","14.09","14.00","14.19","13.83","218.84K","2.03%"
"08/04/2020","13.81","14.06","14.07","13.57","65.78K","-1.00%"
"08/03/2020","13.95","14.02","14.08","13.81","109.46K","2.05%"
"07/31/2020","13.67","14.15","14.32","13.60","365.39K","-4.67%"
"07/30/2020","14.34","14.16","14.42","14.15","133.22K","-0.69%"
"07/29/2020","14.44","14.30","14.49","14.03","211.39K","2.34%"
"07/28/2020","14.11","14.34","14.64","14.00","829.74K","-0.28%"
"07/27/2020","14.15","14.23","14.72","14.01","258.50K","1.80%"
"07/24/2020","13.90","14.04","14.04","13.90","43.06K","-0.71%"
"07/23/2020","14.00","13.63","14.05","13.60","91.62K","1.52%"
"07/22/2020","13.79","13.76","13.83","13.18","80.39K","-0.29%"
"07/21/2020","13.83","13.44","14.01","13.44","96.05K","3.75%"
"07/20/2020","13.33","13.43","13.43","13.13","49.36K","-0.74%"
"07/17/2020","13.43","13.57","13.62","13.20","55.39K","-2.61%"
"07/16/2020","13.79","13.82","13.89","13.41","70.59K","-1.08%"
"07/15/2020","13.94","13.70","14.03","13.52","96.92K","4.58%"
"07/14/2020","13.33","13.30","13.49","13.01","53.07K","0.23%"
"07/13/2020","13.30","13.43","13.63","13.11","96.70K","1.06%"
"07/10/2020","13.16","12.35","13.40","12.35","62.85K","6.47%"
"07/09/2020","12.36","12.95","12.95","12.05","89.62K","-4.92%"
"07/08/2020","13.00","12.81","13.12","12.56","81.35K","0.85%"
"07/07/2020","12.89","13.18","13.30","12.84","86.81K","-3.45%"
"07/06/2020","13.35","13.69","13.94","13.15","74.97K","-1.11%"
"07/02/2020","13.50","13.90","14.05","13.32","100.37K","-0.66%"
"07/01/2020","13.59","14.01","14.07","13.53","85.42K","-2.93%"
"06/30/2020","14.00","13.93","14.10","13.80","141.21K","1.45%"
"06/29/2020","13.80","13.32","14.00","13.16","110.49K","4.15%"
"06/26/2020","13.25","14.18","14.21","13.12","1.32M","-8.37%"
"06/25/2020","14.46","14.09","14.81","13.97","124.13K","2.05%"
"06/24/2020","14.17","14.49","14.51","13.65","150.17K","-3.93%"
"06/23/2020","14.75","14.89","14.89","14.59","179.99K","-0.07%"
"06/22/2020","14.76","14.75","14.83","14.59","155.83K","0.48%"
"06/19/2020","14.69","14.80","14.82","14.60","136.27K","-0.74%"
"06/18/2020","14.80","14.59","14.86","14.44","164.14K","0.61%"
"06/17/2020","14.71","14.89","14.89","14.44","128.29K","-0.20%"
"06/16/2020","14.74","14.89","14.90","14.20","134.22K","2.79%"
"06/15/2020","14.34","13.56","14.70","13.44","142.73K","3.02%"
"06/12/2020","13.92","14.05","14.74","13.55","124.02K","1.90%"
"06/11/2020","13.66","14.00","14.35","13.51","127.01K","-5.07%"
"06/10/2020","14.39","15.05","15.05","14.26","115.66K","-3.10%"
"06/09/2020","14.85","14.81","14.95","14.15","152.68K","0.20%"
"06/08/2020","14.82","15.00","15.10","14.56","267.81K","-0.80%"
"06/05/2020","14.94","14.86","14.95","14.52","205.22K","1.29%"
"06/04/2020","14.75","14.65","15.00","14.55","141.84K","0.61%"
"06/03/2020","14.66","14.93","15.00","14.50","121.80K","0.00%"
"06/02/2020","14.66","14.00","14.80","13.99","134.19K","5.70%"
"06/01/2020","13.87","14.69","14.83","13.75","86.34K","-4.93%"
"05/29/2020","14.59","14.64","14.78","14.26","140.05K","0.48%"
"05/28/2020","14.52","14.75","14.92","14.43","120.76K","-1.43%"
"05/27/2020","14.73","15.20","15.20","14.50","77.35K","-0.47%"
"05/26/2020","14.80","15.50","15.50","14.66","134.07K","-1.73%"
"05/22/2020","15.06","15.03","15.18","14.72","136.46K","1.83%"
"05/21/2020","14.79","15.09","15.26","14.64","102.44K","-0.54%"
"05/20/2020","14.87","14.91","15.46","14.79","139.65K","2.13%"
"05/19/2020","14.56","14.88","15.07","14.50","130.75K","-0.21%"
"05/18/2020","14.59","14.87","15.43","14.35","187.71K","2.39%"
"05/15/2020","14.25","14.57","14.70","14.00","175.00K","-1.32%"
"05/14/2020","14.44","14.46","14.73","13.69","158.78K","1.62%"
"05/13/2020","14.21","15.23","15.53","14.00","298.31K","-4.18%"
"05/12/2020","14.83","13.73","15.98","13.30","519.33K","8.01%"
"05/11/2020","13.73","14.33","14.33","13.50","102.57K","-1.93%"
"05/08/2020","14.00","13.90","14.22","13.50","181.57K","4.63%"
"05/07/2020","13.38","13.50","14.04","13.25","187.31K","-0.15%"
"05/06/2020","13.40","14.99","14.99","13.27","114.89K","-8.03%"
"05/05/2020","14.57","14.79","15.49","14.20","94.78K","1.46%"
"05/04/2020","14.36","15.25","15.25","14.16","57.60K","-5.71%"
"05/01/2020","15.23","15.85","15.85","15.05","55.31K","-4.21%"
"04/30/2020","15.90","16.35","16.35","15.01","89.18K","0.89%"
"04/29/2020","15.76","14.81","16.40","14.50","104.69K","10.52%"
"04/28/2020","14.26","14.31","14.61","13.80","55.36K","1.64%"
"04/27/2020","14.03","13.91","14.35","13.78","62.95K","3.93%"
"04/24/2020","13.50","13.69","13.70","13.17","29.50K","1.58%"
"04/23/2020","13.29","13.48","13.90","13.00","43.75K","1.37%"
"04/22/2020","13.11","13.12","13.47","12.80","46.82K","0.69%"
"04/21/2020","13.02","13.90","13.91","12.60","112.40K","-5.79%"
"04/20/2020","13.82","14.00","14.88","13.52","129.95K","0.73%"
"04/17/2020","13.72","11.00","14.44","11.00","552.99K","37.20%"
"04/16/2020","10.00","10.00","10.07","9.61","68.37K","4.28%"
"04/15/2020","9.59","10.25","10.25","9.50","34.63K","-7.07%"
"04/14/2020","10.32","10.50","11.00","10.20","34.34K","-0.77%"
"04/13/2020","10.40","11.30","11.30","10.10","50.75K","-7.96%"
"04/09/2020","11.30","9.87","11.95","9.67","148.16K","20.99%"
"04/08/2020","9.34","8.61","9.34","8.61","36.10K","6.99%"
"04/07/2020","8.73","9.50","9.84","8.62","29.78K","-3.00%"
"04/06/2020","9.00","8.50","9.00","8.47","40.41K","9.09%"
"04/03/2020","8.25","8.50","8.56","8.11","30.86K","-3.73%"
"04/02/2020","8.57","8.56","9.01","8.51","18.53K","-0.12%"
"04/01/2020","8.58","9.22","9.22","8.58","30.25K","-10.06%"
"03/31/2020","9.54","9.84","10.00","9.00","39.75K","-1.95%"
"03/30/2020","9.73","8.83","9.97","8.80","33.52K","9.82%"
"03/27/2020","8.86","9.94","9.94","8.84","29.83K","-11.49%"
"03/26/2020","10.01","9.73","10.30","9.59","56.35K","3.84%"
"03/25/2020","9.64","9.00","9.90","8.96","37.92K","5.93%"
"03/24/2020","9.10","8.81","9.48","8.76","37.03K","4.12%"
"03/23/2020","8.74","9.08","9.30","8.51","71.99K","-9.99%"
"03/20/2020","9.71","8.93","9.89","8.79","106.03K","6.35%"
"03/19/2020","9.13","8.85","9.28","8.81","59.43K","2.24%"
"03/18/2020","8.93","9.90","9.90","8.55","67.07K","-10.43%"
"03/17/2020","9.97","9.87","10.21","9.60","62.04K","3.85%"
"03/16/2020","9.60","8.90","9.95","8.51","87.22K","-3.23%"
"03/13/2020","9.92","8.20","10.00","8.20","195.25K","30.01%"
"03/12/2020","7.63","8.25","9.99","7.60","209.38K","-31.51%"
"03/11/2020","11.14","12.50","12.50","11.00","68.37K","-13.44%"
"03/10/2020","12.87","13.17","13.35","12.82","94.89K","1.02%"
"03/09/2020","12.74","13.35","13.43","12.00","164.68K","-13.10%"
"03/06/2020","14.66","14.90","14.95","14.42","74.85K","-2.72%"
"03/05/2020","15.07","15.37","15.37","14.80","58.48K","-1.82%"
"03/04/2020","15.35","15.44","15.44","15.10","68.06K","0.72%"
"03/03/2020","15.24","15.80","15.80","15.14","134.78K","-1.87%"
"03/02/2020","15.53","15.00","16.06","15.00","154.39K","5.36%"
"02/28/2020","14.74","15.66","15.71","14.66","100.07K","-7.82%"
"02/27/2020","15.99","16.10","16.20","15.81","57.72K","-1.60%"
"02/26/2020","16.25","16.14","16.30","16.02","44.56K","-0.18%"
"02/25/2020","16.28","16.50","16.50","16.07","64.36K","-0.73%"
"02/24/2020","16.40","16.57","16.60","16.00","83.58K","-1.20%"
"02/21/2020","16.60","16.48","16.75","16.44","48.99K","0.48%"
"02/20/2020","16.52","16.75","16.75","16.45","67.13K","-0.78%"
"02/19/2020","16.65","16.50","16.78","16.45","78.54K","1.59%"
"02/18/2020","16.39","16.52","16.63","16.35","93.14K","0.49%"
"02/14/2020","16.31","16.49","16.49","16.25","64.87K","0.00%"
"02/13/2020","16.31","16.35","16.35","16.26","42.72K","0.37%"
"02/12/2020","16.25","16.28","16.50","16.05","43.25K","0.37%"
"02/11/2020","16.19","16.20","16.24","16.01","60.72K","0.25%"
"02/10/2020","16.15","16.35","16.50","16.14","49.62K","-0.62%"
"02/07/2020","16.25","16.19","16.35","16.17","59.23K","0.62%"
"02/06/2020","16.15","16.15","16.31","16.06","98.08K","1.00%"
"02/05/2020","15.99","16.04","16.15","15.86","80.84K","0.57%"
"02/04/2020","15.90","15.30","16.00","15.25","108.99K","6.50%"
"02/03/2020","14.93","15.66","15.80","14.81","192.80K","-5.39%"
"01/31/2020","15.78","14.83","15.78","14.50","148.87K","5.98%"
"01/30/2020","14.89","14.74","14.94","14.16","58.18K","0.00%"
"01/29/2020","14.89","15.20","15.20","14.37","54.43K","0.20%"
"01/28/2020","14.86","14.50","15.01","14.45","28.96K","1.71%"
"01/27/2020","14.61","15.22","15.33","14.37","88.09K","-4.88%"
"01/24/2020","15.36","15.45","15.56","15.00","69.40K","-1.29%"
"01/23/2020","15.56","15.66","15.70","15.01","75.47K","-0.58%"
"01/22/2020","15.65","15.83","15.83","15.51","21.02K","-0.70%"
"01/21/2020","15.76","15.51","15.87","15.25","52.86K","1.16%"
"01/17/2020","15.58","15.81","15.81","15.53","31.46K","-1.20%"
"01/16/2020","15.77","15.75","15.90","15.68","37.83K","0.13%"
"01/15/2020","15.75","15.68","15.98","15.63","52.14K","0.25%"
"01/14/2020","15.71","15.30","15.74","15.25","71.90K","2.21%"
"01/13/2020","15.37","15.82","15.83","15.27","73.16K","-3.21%"
"01/10/2020","15.88","16.09","16.26","15.80","40.63K","-1.24%"
"01/09/2020","16.08","16.40","16.47","15.92","64.28K","-2.13%"
"01/08/2020","16.43","16.29","16.50","16.29","50.07K","0.86%"
"01/07/2020","16.29","15.80","16.30","15.80","82.59K","2.20%"
"01/06/2020","15.94","15.80","16.03","15.77","39.61K","0.06%"
"01/03/2020","15.93","15.75","15.96","15.73","23.29K","0.00%"
"01/02/2020","15.93","16.05","16.05","15.68","60.83K","0.13%"
"12/31/2019","15.91","16.00","16.05","15.58","63.88K","-0.25%"
"12/30/2019","15.95","15.61","16.01","15.50","23.65K","2.44%"
"12/27/2019","15.57","15.65","15.65","15.44","27.83K","0.13%"
"12/26/2019","15.55","15.81","15.83","15.39","34.21K","-1.71%"
"12/24/2019","15.82","15.74","15.98","15.65","13.69K","0.96%"
"12/23/2019","15.67","15.97","16.15","15.33","85.63K","-1.51%"
"12/20/2019","15.91","16.45","16.45","15.72","520.66K","-2.15%"
"12/19/2019","16.26","16.05","16.44","16.05","99.22K","0.00%"
"12/18/2019","16.26","16.42","16.47","16.00","123.45K","-0.79%"
"12/17/2019","16.39","16.09","16.39","15.93","145.88K","1.55%"
"12/16/2019","16.14","16.00","16.18","15.79","129.08K","0.75%"
"12/13/2019","16.02","15.73","16.10","15.73","55.50K","2.63%"
"12/12/2019","15.61","15.50","16.20","15.50","160.00K","1.17%"
"12/11/2019","15.43","15.43","15.69","15.27","73.56K","-2.03%"
"12/10/2019","15.75","15.20","15.75","14.81","69.18K","2.81%"
"12/09/2019","15.32","15.15","15.75","15.14","58.24K","1.12%"
"12/06/2019","15.15","15.38","15.60","14.94","47.09K","-2.26%"
"12/05/2019","15.50","15.52","15.60","14.90","59.09K","2.18%"
"12/04/2019","15.17","15.37","15.64","15.05","47.15K","-1.75%"
"12/03/2019","15.44","15.82","15.82","15.25","73.65K","-3.62%"
"12/02/2019","16.02","16.55","16.95","15.50","103.78K","-2.44%"
"11/29/2019","16.42","15.98","16.52","15.79","61.02K","2.31%"
"11/27/2019","16.05","15.82","16.05","15.64","83.35K","0.63%"
"11/26/2019","15.95","15.29","15.97","14.90","77.39K","3.91%"
"11/25/2019","15.35","15.70","15.98","13.95","216.30K","-2.04%"
"11/22/2019","15.67","16.43","16.43","15.51","97.56K","-4.63%"
"11/21/2019","16.43","16.34","16.72","16.20","106.33K","1.17%"
"11/20/2019","16.24","16.20","16.37","15.61","168.53K","0.93%"
"11/19/2019","16.09","15.65","16.90","15.30","180.38K","2.55%"
"11/18/2019","15.69","15.50","15.73","14.85","124.98K","3.91%"
"11/15/2019","15.10","15.59","16.17","15.00","277.09K","-1.63%"
"11/14/2019","15.35","14.85","16.72","14.83","693.31K","6.23%"
"11/13/2019","14.45","13.61","14.99","13.55","238.66K","6.64%"
"11/12/2019","13.55","13.51","13.69","13.30","80.97K","1.12%"
"11/11/2019","13.40","13.05","13.74","13.05","135.74K","2.92%"
"11/08/2019","13.02","12.78","13.25","12.67","187.38K","3.99%"